Signum,Crosses,Plats,Socken,Härad,Kommun,Classif,Ristare,Materialtyp,Bildlänk,Lat,Long
G 1 M ,0,Sundre kyrka,Sundre sn,Hoburgs ting,Gotland,NA,,sten,,56.936427,18.182091
G 2 M ,0,Sundre kyrka,Sundre sn,Hoburgs ting,Gotland,NA,,sten,,56.936427,18.182091
G 3 M ,0,Sundre kyrka,Sundre sn,Hoburgs ting,Gotland,NA,,sten,,56.936427,18.182091
G 4 †M ,0,Vamlingbo kyrka,Vamlingbo sn,Hoburgs ting,Gotland,NA,,sten,,56.968041,18.229694
G 5 †$M ,0,Vamlingbo kyrka,Vamlingbo sn,Hoburgs ting,Gotland,NA,,sten,,56.968041,18.229694
G 6 †M ,0,Vamlingbo kyrka,Vamlingbo sn,Hoburgs ting,Gotland,NA,,sten,,56.968041,18.229694
G 7 †M ,0,Vamlingbo kyrka,Vamlingbo sn,Hoburgs ting,Gotland,NA,,sten,,56.968041,18.229694
G 8 M ,0,Sigraifs,Vamlingbo sn,Hoburgs ting,Gotland,NA,,sten,,56.968041,18.229694
G 9 †M ,0,Storms,Vamlingbo sn,Hoburgs ting,Gotland,NA,,sten,,56.968041,18.229694
G 11 †M ,0,Hamra kyrka,Hamra sn,Hoburgs ting,Gotland,NA,,sten,,56.975889,18.314187
G 12 M ,0,Hamra kyrka,Hamra sn,Hoburgs ting,Gotland,NA,,sten,,56.975889,18.314187
G 13 M ,0,Hamra kyrka,Hamra sn,Hoburgs ting,Gotland,NA,,sten,,56.975889,18.314187
G 14 M ,0,Hamra kyrka,Hamra sn,Hoburgs ting,Gotland,NA,,sten,,56.975889,18.314187
G 15 †M ,0,Hamra kyrka,Hamra sn,Hoburgs ting,Gotland,NA,,sten,,56.975889,18.314187
G 16 †$M ,0,Hamra kyrka,Hamra sn,Hoburgs ting,Gotland,NA,,sten,,56.975889,18.314187
G 17 M ,0,Hamra kyrka,Hamra sn,Hoburgs ting,Gotland,NA,,sten,,56.975889,18.314187
G 18 M ,0,Hamra kyrka,Hamra sn,Hoburgs ting,Gotland,NA,,sten,,56.975889,18.314187
G 19 M ,0,Hamra kyrka,Hamra sn,Hoburgs ting,Gotland,NA,,sten,,56.975889,18.314187
G 21 M ,0,Öja kyrka,Öja sn,Hoburgs ting,Gotland,NA,Ole <luþar> (S),sten,,57.034668,18.300763
G 22 †$M ,0,Öja kyrka,Öja sn,Hoburgs ting,Gotland,NA,,sten,,57.034668,18.300763
G 23 †M ,0,Öja kyrka,Öja sn,Hoburgs ting,Gotland,NA,,sten,,57.034668,18.300763
G 24 M ,0,Öja kyrka,Öja sn,Hoburgs ting,Gotland,NA,,sten,,57.034668,18.300763
G 25 M ,0,Öja kyrka,Öja sn,Hoburgs ting,Gotland,NA,,sten,,57.034668,18.300763
G 26 M ,0,Öja kyrka,Öja sn,Hoburgs ting,Gotland,NA,,sten,,57.034668,18.300763
G 27 $M ,0,Öja kyrka,Öja sn,Hoburgs ting,Gotland,NA,,sten,,57.034668,18.300763
G 28 $M ,0,Fide kyrka,Fide sn,Grötlinge ting,Gotland,NA,,sten,,57.073949,18.315515
G 29 †M ,0,Fide kyrka,Fide sn,Grötlinge ting,Gotland,NA,,sten,,57.073949,18.315515
G 30 †M ,0,Fide kyrka,Fide sn,Grötlinge ting,Gotland,NA,,sten,,57.073949,18.315515
G 32 $M ,0,Anderse,Fide sn,Grötlinge ting,Gotland,NA,,sten,,57.073949,18.315515
G 33 $M ,0,Näs kyrka,Näs sn,Grötlinge ting,Gotland,NA,,sten,,57.074376,18.221147
G 34 $M ,0,Näs kyrka,Näs sn,Grötlinge ting,Gotland,NA,,sten,,57.074376,18.221147
G 35 M ,0,Grötlingbo kyrka,Grötlingbo sn,Grötlinge ting,Gotland,NA,,sten,,57.132568,18.34713
G 36 $M ,0,Grötlingbo kyrka,Grötlingbo sn,Grötlinge ting,Gotland,NA,Ole,sten,,57.132568,18.34713
G 36B M ,0,Grötlingbo kyrka,Grötlingbo sn,Grötlinge ting,Gotland,NA,,sten,,57.132568,18.34713
G 37  ,0,Grötlingbo kyrka,Grötlingbo sn,Grötlinge ting,Gotland,Pr3,,sten,,57.132568,18.34713
G 39 †M ,0,Koparve,Grötlingbo sn,Grötlinge ting,Gotland,NA,,sten,,57.132568,18.34713
G 40 $ ,0,Roes,Grötlingbo sn,Grötlinge ting,Gotland,NA,,sten,http://kulturarvsdata.se/shm/media/html/23976,57.132568,18.34713
G 41  ,0,Viges,Grötlingbo sn,Grötlinge ting,Gotland,NA,,sten,,57.132568,18.34713
G 42 M ,0,Havdhems kyrka,Havdhems sn,Grötlinge ting,Gotland,NA,,sten,,57.160015,18.333624
G 43 M ,0,Havdhems kyrka,Havdhems sn,Grötlinge ting,Gotland,NA,,sten,,57.160015,18.333624
G 44 †M ,0,Havdhems kyrka,Havdhems sn,Grötlinge ting,Gotland,NA,,sten,,57.160015,18.333624
G 46 M ,0,Eke kyrka,Eke sn,Hemse ting,Gotland,NA,Sigraiv (A),sten,,57.160431,18.335357
G 47 M ,0,Eke kyrka,Eke sn,Hemse ting,Gotland,NA,,sten,,57.160431,18.335357
G 50 $M ,0,Eke kyrka,Eke sn,Hemse ting,Gotland,NA,,sten,,57.160431,18.335357
G 51 M ,0,Lilla Kruse,Alva sn,Hemse ting,Gotland,NA,,sten,,57.209382,18.36099
G 52  ,0,Rone kyrka,Rone sn,Hemse ting,Gotland,NA,,sten,http://kulturarvsdata.se/shm/media/html/24123,57.210523,18.445544
G 53  ,0,Rone kyrka,Rone sn,Hemse ting,Gotland,NA,,sten,http://kulturarvsdata.se/shm/media/html/24123,57.210523,18.445544
G 55 $M ,0,Hemse kyrka,Hemse sn,Hemse ting,Gotland,NA,Peter i Oxarve (S),sten,,57.240149,18.380019
G 57  ,0,Hemse Annexhemman,Hemse sn,Hemse ting,Gotland,NA,,sten,http://kulturarvsdata.se/shm/media/html/23924,57.240149,18.380019
G 59 $ ,0,Hablingbo kyrka,Hablingbo sn,Hablinge ting,Gotland,Pr3,,sten,,57.187587,18.262413
G 60 M ,0,Hablingbo kyrka,Hablingbo sn,Hablinge ting,Gotland,NA,,sten,,57.187587,18.262413
G 61 M ,0,Hablingbo kyrka,Hablingbo sn,Hablinge ting,Gotland,NA,,sten,,57.187587,18.262413
G 62 †M ,0,Prästgården,Hablingbo sn,Hablinge ting,Gotland,NA,,sten,,57.187587,18.262413
G 63 M ,0,Silte kyrka,Silte sn,Hablinge ting,Gotland,NA,,sten,,57.707221,18.80192
G 65 M ,0,Sproge kyrka,Sproge sn,Hablinge ting,Gotland,NA,Audvald göte(?) (S),sten,,57.253722,18.210525
G 66 $M ,0,Sproge kyrka,Sproge sn,Hablinge ting,Gotland,NA,,sten,,57.253722,18.210525
G 67 $M ,0,Sproge kyrka,Sproge sn,Hablinge ting,Gotland,NA,,sten,,57.253722,18.210525
G 68 M ,0,Sproge kyrka,Sproge sn,Hablinge ting,Gotland,NA,,sten,,57.253722,18.210525
G 69 M ,0,Sproge kyrka,Sproge sn,Hablinge ting,Gotland,NA,"Sigraiv (S), har gjort dopfunten i Åkirkeby, Bornholm, DR 373",sten,,57.253722,18.210525
G 70 M ,0,Urgude,Sproge sn,Hablinge ting,Gotland,NA,,sten,,57.253722,18.210525
G 71 †$M ,0,Eksta kyrka,Eksta sn,Hablinge ting,Gotland,NA,,sten,,57.287426,18.205214
G 72 † ,0,Eksta kyrka,Eksta sn,Hablinge ting,Gotland,NA,,sten,,57.287426,18.205214
G 73 †M ,0,Eksta kyrka,Eksta sn,Hablinge ting,Gotland,NA,,sten,,57.287426,18.205214
G 74 M ,0,Eksta kyrka,Eksta sn,Hablinge ting,Gotland,NA,,sten,,57.287426,18.205214
G 75 M ,0,Levide kyrka,Levide sn,Fardhems ting,Gotland,NA,Ofeg (S),sten,,57.290365,18.275887
G 76 †M ,0,Levide kyrka,Levide sn,Fardhems ting,Gotland,NA,,sten,,57.290365,18.275887
G 77  ,0,Levide kyrka,Levide sn,Fardhems ting,Gotland,NA,,sten,,57.290365,18.275887
G 80 $ ,0,Linde kyrka,Linde sn,Fardhems ting,Gotland,Pr3,,sten,,57.27985,18.379868
G 82 M ,0,Lojsta kyrka,Lojsta sn,Fardhems ting,Gotland,NA,,sten,,57.314194,18.382144
G 86  ,0,Stånga kyrka,Stånga sn,Burs ting,Gotland,Pr4,,sten,,57.281455,18.471395
G 87  ,0,Stånga kyrka,Stånga sn,Burs ting,Gotland,NA,,sten,,57.281455,18.471395
G 88 U ,0,Kylver,Stånga sn,Burs ting,Gotland,NA,,sten,http://www.kms.raa.se/cocoon/bild/object_list_simple?query=G88&showthumbnails=true,57.281455,18.471395
G 90 M ,0,Sigdes,Burs sn,Burs ting,Gotland,NA,,sten,,57.245103,18.509212
G 92 $ ,0,Bosarve,Närs sn,Burs ting,Gotland,NA,,sten,,57.719713,18.789153
G 93 $ ,0,Hallute,Närs sn,Burs ting,Gotland,NA,,sten,,57.719713,18.789153
G 94 $ ,0,Mickelgårds,Närs sn,Burs ting,Gotland,NA,,sten,http://kulturarvsdata.se/shm/media/html/24111,57.719713,18.789153
G 95 M ,0,Siglaifs,Närs sn,Burs ting,Gotland,NA,,sten,,57.719713,18.789153
G 96  ,0,Smiss,Närs sn,Burs ting,Gotland,NA,,sten,,57.719713,18.789153
G 97 $M ,0,Etelhems kyrka,Etelhems sn,Garda ting,Gotland,NA,Hägvald,sten,,57.337599,18.495144
G 99 M ,0,Lye kyrka,Lye sn,Garda ting,Gotland,NA,,sten,http://www.kms.raa.se/cocoon/bild/object_list_simple?query=G99&showthumbnails=true,57.299585,18.521699
G 100 $M ,0,Lye kyrka,Lye sn,Garda ting,Gotland,NA,,sten,http://www.kms.raa.se/cocoon/bild/object_list_simple?query=G100&showthumbnails=true,57.299585,18.521699
G 101 $M ,0,Lye kyrka,Lye sn,Garda ting,Gotland,NA,,sten,http://www.kms.raa.se/cocoon/bild/object_list_simple?query=G101&showthumbnails=true,57.299585,18.521699
G 102 M ,0,Lye kyrka,Lye sn,Garda ting,Gotland,NA,,sten,http://www.kms.raa.se/cocoon/bild/object_list_simple?query=G102&showthumbnails=true,57.299585,18.521699
G 103 $M ,0,Lye kyrka,Lye sn,Garda ting,Gotland,NA,,sten,http://www.kms.raa.se/cocoon/bild/object_list_simple?query=G103&showthumbnails=true,57.299585,18.521699
G 104C M ,0,Lye kyrka,Lye sn,Garda ting,Gotland,NA,,sten,http://www.kms.raa.se/cocoon/bild/object_list_simple?query=G104&showthumbnails=true,57.299585,18.521699
G 106 M ,0,Garda kyrka,Garda sn (Garde),Garda ting,Gotland,NA,,sten,,57.315836,18.579666
G 109  ,0,Ollaifs,Alskogs sn,Garda ting,Gotland,NA,,sten,,57.331437,18.627387
G 110 $ ,0,Tjängvide,Alskogs sn,Garda ting,Gotland,NA,,sten,http://www.kms.raa.se/cocoon/bild/object_list_simple?query=G110&showthumbnails=true,57.331437,18.627387
G 111 $ ,0,Ardre kyrka,Ardre sn,Kräklinge ting,Gotland,Pr2,,sten,http://kulturarvsdata.se/shm/media/html/23997,57.378811,18.696057
G 111 $ ,0,Ardre kyrka,Ardre sn,Kräklinge ting,Gotland,Pr3,,sten,http://kulturarvsdata.se/shm/media/html/23997,57.378811,18.696057
G 112 $ ,0,Ardre kyrka,Ardre sn,Kräklinge ting,Gotland,NA,,sten,http://kulturarvsdata.se/shm/media/html/23865,57.378811,18.696057
G 113  ,0,Ardre kyrka,Ardre sn,Kräklinge ting,Gotland,Pr3,Likraiv (S),sten,http://www.kms.raa.se/cocoon/bild/object_list_simple?query=G113&showthumbnails=true,57.378811,18.696057
G 114  ,0,Ardre kyrka,Ardre sn,Kräklinge ting,Gotland,Pr4,,sten,"http://kulturarvsdata.se/shm/media/html/23864, http://kulturarvsdata.se/shm/media/html/23986, http://kulturarvsdata.se/shm/media/html/24284",57.378811,18.696057
G 115 $M ,0,Gammelgarns kyrka,Gammelgarns sn,Kräklinge ting,Gotland,NA,Magister <gefs> (S),sten,http://www.kms.raa.se/cocoon/bild/object_list_simple?query=G115&showthumbnails=true,57.404559,18.804487
G 116 $ ,0,Smiss,Kräklingbo sn,Kräklinge ting,Gotland,NA,,sten,,57.445762,18.712612
G 117  ,0,Smiss,Kräklingbo sn,Kräklinge ting,Gotland,NA,,sten,,57.445762,18.712612
G 118 M ,0,Anga kyrka,Anga sn,Kräklinge ting,Gotland,NA,,sten,http://www.kms.raa.se/cocoon/bild/object_list_simple?query=G118&showthumbnails=true,57.481787,18.654687
G 122 M ,0,Buttle kyrka,Buttle sn,Halla ting,Gotland,NA,,sten,http://www.kms.raa.se/cocoon/bild/object_list_simple?query=G122&showthumbnails=true,57.402918,18.529046
G 123 $M ,0,Vänge kyrka,Vänge sn,Halla ting,Gotland,NA,Gairvald (S),sten,,57.449713,18.515094
G 125 M ,0,Vänge kyrka,Vänge sn,Halla ting,Gotland,NA,,sten,,57.449713,18.515094
G 132 M ,0,Bondarve,Guldrupe sn,Halla ting,Gotland,NA,,sten,,57.430391,18.426602
G 133 $M ,0,Viklau kyrka,Viklau sn,Halla ting,Gotland,NA,,sten,http://www.kms.raa.se/cocoon/bild/object_list_simple?query=G133&showthumbnails=true,57.465417,18.45473
G 134  ,0,Sjonhems kyrka,Sjonhems sn,Halla ting,Gotland,Pr4,Botbjärn (P),sten,http://www.kms.raa.se/cocoon/bild/object_list_simple?query=G134&showthumbnails=true,57.486825,18.516856
G 135  ,0,Sjonhems kyrka,Sjonhems sn,Halla ting,Gotland,Pr4,Botbjärn (P),sten,http://www.kms.raa.se/cocoon/bild/object_list_simple?query=G135&showthumbnails=true,57.486825,18.516856
G 136 †$ ,0,Sjonhems kyrka,Sjonhems sn,Halla ting,Gotland,NA,Botbjärn (S),sten,,57.486825,18.516856
G 137 M ,0,Sjonhems kyrka,Sjonhems sn,Halla ting,Gotland,NA,,sten,http://www.kms.raa.se/cocoon/bild/object_list_simple?query=G137&showthumbnails=true,57.486825,18.516856
G 138  ,0,Halla kyrka,Halla sn,Halla ting,Gotland,NA,,sten,,57.510841,18.497559
G 141  ,0,Unsarve,Halla sn,Halla ting,Gotland,Pr4,,sten,,57.510841,18.497559
G 151 M ,0,Norrlanda kyrka,Norrlanda sn,Lina ting,Gotland,NA,,sten,,57.501271,18.660418
G 153 M ,0,Norrlanda kyrka,Norrlanda sn,Lina ting,Gotland,NA,,sten,,57.501271,18.660418
G 154 †M ,0,Hörsne kyrka,Hörsne sn,Lina ting,Gotland,NA,,sten,,57.558023,18.591689
G 156 M ,0,Gothems kyrka,Gothems sn,Lina ting,Gotland,NA,,sten,,57.57919,18.728871
G 157  ,0,Gothems kyrka,Gothems sn,Lina ting,Gotland,NA,,sten,,57.57919,18.728871
G 158 $M ,0,Gothems kyrka,Gothems sn,Lina ting,Gotland,NA,,sten,,57.57919,18.728871
G 161 $M ,0,Fröjels kyrka,Fröjels sn,Hejde ting,Gotland,NA,,sten,,57.335613,18.18976
G 163 M ,0,Mulde,Fröjels sn,Hejde ting,Gotland,NA,,sten,,57.335613,18.18976
G 164 M ,0,Klinte kyrka,Klinte sn,Hejde ting,Gotland,NA,,sten,,57.37939,18.233013
G 165 M ,0,Klinte kyrka,Klinte sn,Hejde ting,Gotland,NA,,sten,,57.37939,18.233013
G 166 M ,0,Klinte kyrka,Klinte sn,Hejde ting,Gotland,NA,,sten,,57.37939,18.233013
G 167 M ,0,Klinte kyrka,Klinte sn,Hejde ting,Gotland,NA,,sten,,57.37939,18.233013
G 168 †$M ,0,Klinte kyrka,Klinte sn,Hejde ting,Gotland,NA,,sten,,57.37939,18.233013
G 169 M ,0,Klinte kyrka,Klinte sn,Hejde ting,Gotland,NA,,sten,,57.37939,18.233013
G 170 M ,0,Hejde kyrka,Hejde sn,Hejde ting,Gotland,NA,,sten,,57.412327,18.3472
G 171 †M ,0,Hejde kyrka,Hejde sn,Hejde ting,Gotland,NA,,sten,,57.412327,18.3472
G 173 M ,0,Väte kyrka,Väte sn,Hejde ting,Gotland,NA,,sten,http://www.kms.raa.se/cocoon/bild/object_list_simple?query=G173&showthumbnails=true,57.449071,18.362875
G 174 M ,0,Väte kyrka,Väte sn,Hejde ting,Gotland,NA,,sten,http://www.kms.raa.se/cocoon/bild/object_list_simple?query=G174&showthumbnails=true,57.449071,18.362875
G 175 M ,0,Väte kyrka,Väte sn,Hejde ting,Gotland,NA,,sten,,57.449071,18.362875
G 176 M ,0,Väte kyrka,Väte sn,Hejde ting,Gotland,NA,,sten,,57.449071,18.362875
G 180 † ,0,Västerväte,Väte sn,Hejde ting,Gotland,NA,,sten,,57.449071,18.362875
G 181  ,0,Sanda kyrka,Sanda sn,Banda ting,Gotland,Pr2,,sten,http://kulturarvsdata.se/shm/media/html/17810,57.429399,18.222497
G 182 M ,0,Sanda kyrka,Sanda sn,Banda ting,Gotland,NA,,sten,"http://kulturarvsdata.se/shm/media/html/24178, http://kulturarvsdata.se/shm/media/html/24182",57.429399,18.222497
G 183 M ,0,Sanda kyrka,Sanda sn,Banda ting,Gotland,NA,,sten,http://kulturarvsdata.se/shm/media/html/24118,57.429399,18.222497
G 185 M ,0,Lekarve,Sanda sn,Banda ting,Gotland,NA,,sten,,57.429399,18.222497
G 186 † ,0,Stenhuse,Sanda sn,Banda ting,Gotland,NA,,sten,,57.429399,18.222497
G 187  ,0,Stenhuse,Sanda sn,Banda ting,Gotland,NA,,sten,,57.429399,18.222497
G 188 $ ,0,Mästerby kyrka,Mästerby sn,Banda ting,Gotland,Pr5,,sten,,57.471266,18.302611
G 189 $ ,0,Mästerby kyrka,Mästerby sn,Banda ting,Gotland,NA,,sten,,57.471266,18.302611
G 192 M ,0,Västergarns kyrka,Västergarns sn,Banda ting,Gotland,NA,,sten,,57.434183,18.092128
G 193 † ,0,Gamla folkskolan,Västergarns sn,Banda ting,Gotland,NA,,sten,,57.434183,18.092128
G 195 M ,0,Tofta kyrka,Tofta sn,Banda ting,Gotland,NA,,sten,,57.520807,18.168597
G 196 M ,0,Tofta kyrka,Tofta sn,Banda ting,Gotland,NA,,sten,,57.520807,18.168597
G 197 M ,0,Tofta kyrka,Tofta sn,Banda ting,Gotland,NA,,sten,,57.520807,18.168597
G 198 M ,0,Tofta kyrka,Tofta sn,Banda ting,Gotland,NA,,sten,,57.520807,18.168597
G 199 $M ,0,Tofta kyrka,Tofta sn,Banda ting,Gotland,NA,,sten,,57.520807,18.168597
G 200  ,0,Atlingbo kyrka,Atlingbo sn,Stenkumla ting,Gotland,Pr4,,sten,,57.480703,18.389418
G 201 M ,0,Atlingbo kyrka,Atlingbo sn,Stenkumla ting,Gotland,NA,,sten,http://www.kms.raa.se/cocoon/bild/object_list_simple?query=G201&showthumbnails=true,57.480703,18.389418
G 203 $ ,0,Hogräns kyrka,Hogräns sn,Stenkumla ting,Gotland,Pr4,,sten,http://www.kms.raa.se/cocoon/bild/object_list_simple?query=G203&showthumbnails=true,57.504587,18.306463
G 207  ,0,Stenkumla kyrka,Stenkumla sn,Stenkumla ting,Gotland,NA,Samma ristare som gjort G 208.,sten,,57.547753,18.265433
G 208  ,0,Stenkumla kyrka,Stenkumla sn,Stenkumla ting,Gotland,Pr3,Samma ristare som gjort G 207.,sten,,57.547753,18.265433
G 210 M ,0,Västerhejde kyrka,Västerhejde sn,Stenkumla ting,Gotland,NA,,sten,,57.585593,18.227334
G 211 M ,0,Västerhejde kyrka,Västerhejde sn,Stenkumla ting,Gotland,NA,,sten,,57.585593,18.227334
G 212 M ,0,Björke kyrka,Björke sn,Dede ting,Gotland,NA,,sten,,57.506667,18.422158
G 213 M ,0,Björke kyrka,Björke sn,Dede ting,Gotland,NA,,sten,,57.506667,18.422158
G 214 †M ,0,Björke kyrka,Björke sn,Dede ting,Gotland,NA,,sten,,57.506667,18.422158
G 215 M ,0,Roma kyrka,Roma sn,Dede ting,Gotland,NA,,sten,http://kulturarvsdata.se/shm/media/html/24101,57.528082,18.438052
G 216 $ ,0,Timans,Roma sn,Dede ting,Gotland,NA,,sten,http://www.kms.raa.se/cocoon/bild/object_list_simple?query=G216&showthumbnails=true,57.528082,18.438052
G 218  ,0,Follingbo kyrka,Follingbo sn,Dede ting,Gotland,NA,,sten,,57.582573,18.382241
G 219 † ,0,Follingbo kyrka,Follingbo sn,Dede ting,Gotland,NA,,sten,,57.582573,18.382241
G 220 $ ,0,Hallfrede,Follingbo sn,Dede ting,Gotland,Pr4,,sten,,57.582573,18.382241
G 226 M ,0,Ekeby kyrka,Ekeby sn,Endre ting,Gotland,NA,,sten,http://kulturarvsdata.se/shm/media/html/24130,57.595539,18.51401
G 227  ,0,Ekängen,Ekeby sn,Endre ting,Gotland,NA,,sten,,57.595539,18.51401
G 228  ,0,?,Ekeby sn (?),Endre ting,Gotland,NA,,sten,,57.595539,18.51401
G 229 M ,0,Barlingbo kyrka,Barlingbo sn,Endre ting,Gotland,NA,,sten,,57.564916,18.462707
G 231 M ,0,Vallstena kyrka,Vallstena sn,Bäls ting,Gotland,NA,,sten,,57.609837,18.637222
G 232 M ,0,Vallstena kyrka,Vallstena sn,Bäls ting,Gotland,NA,,sten,,57.609837,18.637222
G 233 †M ,0,Vallstena kyrka,Vallstena sn,Bäls ting,Gotland,NA,,sten,,57.609837,18.637222
G 234 M ,0,Vallstena kyrka,Vallstena sn,Bäls ting,Gotland,NA,,sten,,57.609837,18.637222
G 237  ,0,Norrgården,Vallstena sn,Bäls ting,Gotland,NA,,sten,,57.609837,18.637222
G 241 M ,0,Hejnums kyrka,Hejnums sn,Bäls ting,Gotland,NA,,sten,,57.680226,18.632026
G 242 M ,0,Hejnums kyrka,Hejnums sn,Bäls ting,Gotland,NA,,sten,http://www.kms.raa.se/cocoon/bild/object_list_simple?query=G242&showthumbnails=true,57.680226,18.632026
G 243 †M ,0,Hejnums kyrka,Hejnums sn,Bäls ting,Gotland,NA,,sten,,57.680226,18.632026
G 244 †M ,0,Hejnums kyrka,Hejnums sn,Bäls ting,Gotland,NA,,sten,,57.680226,18.632026
G 245 †M ,0,Hejnums kyrka,Hejnums sn,Bäls ting,Gotland,NA,,sten,,57.680226,18.632026
G 246 †M ,0,Hejnums kyrka,Hejnums sn,Bäls ting,Gotland,NA,,sten,,57.680226,18.632026
G 247 $M ,0,Hejnums kyrka,Hejnums sn,Bäls ting,Gotland,NA,,sten,,57.680226,18.632026
G 248  ,0,Riddare,Hejnums sn,Bäls ting,Gotland,NA,,sten,,57.680226,18.632026
G 249 M ,0,Fole kyrka,Fole sn,Bro ting,Gotland,NA,,sten,,57.670015,18.543326
G 250 M ,0,Fole kyrka,Fole sn,Bro ting,Gotland,NA,,sten,,57.670015,18.543326
G 252 $ ,0,Lokrume kyrka,Lokrume sn,Bro ting,Gotland,NA,,sten,http://kulturarvsdata.se/shm/media/html/24067,57.687774,18.541292
G 255 M ,0,Bro kyrka,Bro sn,Bro ting,Gotland,NA,,sten,,57.671126,18.479775
G 257 †M ,0,Bro Stainkalm,Bro sn,Bro ting,Gotland,NA,,sten,,57.671126,18.479775
G 260 M ,0,Prästgården,Väskinde sn,Bro ting,Gotland,NA,,sten,,57.691178,18.420184
G 263 M? ,0,Väskinds,Väskinde sn,Bro ting,Gotland,NA,,sten,http://kulturarvsdata.se/shm/media/html/306053,57.691178,18.420184
G 264 U ,0,Martebo kyrka,Martebo sn,Lummelunda ting,Gotland,NA,,sten,,57.74902,18.491974
G 265 †M ,0,Martebo kyrka,Martebo sn,Lummelunda ting,Gotland,NA,,sten,,57.74902,18.491974
G 266 $ ,0,Stenkyrka kyrka,Stenkyrka sn,Lummelunda ting,Gotland,NA,,sten,,57.792448,18.531638
G 268  ,0,Lillbjärs,Stenkyrka sn,Lummelunda ting,Gotland,NA,,sten,"http://kulturarvsdata.se/shm/media/html/24065, http://kulturarvsdata.se/shm/media/html/17828",57.792448,18.531638
G 270  ,0,Tingstäde kyrka,Tingstäde sn,Lummelunda ting,Gotland,NA,,sten,,57.735759,18.613689
G 271 M ,0,Tingstäde kyrka,Tingstäde sn,Lummelunda ting,Gotland,NA,,sten,,57.735759,18.613689
G 272 † ,0,Tingstäde kyrka,Tingstäde sn,Lummelunda ting,Gotland,NA,,sten,,57.735759,18.613689
G 274 M ,0,Lunds,Tingstäde sn,Lummelunda ting,Gotland,NA,,sten,,57.735759,18.613689
G 276  ,0,Boge kyrka,Boge sn,Forsa ting,Gotland,NA,,sten,,57.687043,18.762865
G 277 †M ,0,Boge kyrka,Boge sn,Forsa ting,Gotland,NA,,sten,,57.687043,18.762865
G 279  ,0,Mojner,Boge sn,Forsa ting,Gotland,NA,,sten,,57.687043,18.762865
G 280  ,0,Pilgårds,Boge sn,Forsa ting,Gotland,NA,,sten,,57.687043,18.762865
G 281  ,0,Västers,Boge sn,Forsa ting,Gotland,NA,,sten,,57.687043,18.762865
G 282 M ,0,Othems kyrka,Othems sn,Forsa ting,Gotland,NA,,sten,,57.721134,18.789727
G 283 M ,0,Othems kyrka,Othems sn,Forsa ting,Gotland,NA,,sten,,57.721134,18.789727
G 284 M ,0,Othems kyrka,Othems sn,Forsa ting,Gotland,NA,,sten,,57.721134,18.789727
G 285 †M ,0,Othems kyrka,Othems sn,Forsa ting,Gotland,NA,,sten,,57.721134,18.789727
G 286 †M ,0,Othems kyrka,Othems sn,Forsa ting,Gotland,NA,,sten,,57.721134,18.789727
G 286B † ,0,Othemars,Othems sn,Forsa ting,Gotland,NA,,sten,,57.721134,18.789727
G 288 M ,0,Hellvi kyrka,Hellvi sn,Forsa ting,Gotland,NA,,sten,,57.774769,18.893695
G 289 M ,0,Hellvi kyrka,Hellvi sn,Forsa ting,Gotland,NA,,sten,,57.774769,18.893695
G 290 M ,0,Hellvi kyrka,Hellvi sn,Forsa ting,Gotland,NA,,sten,,57.774769,18.893695
G 291 M ,0,Hellvi kyrka,Hellvi sn,Forsa ting,Gotland,NA,,sten,http://www.kms.raa.se/cocoon/bild/object_list_simple?query=G291&showthumbnails=true,57.774769,18.893695
G 292 M ,0,Lärbro kyrka,Lärbro sn,Forsa ting,Gotland,NA,,sten,,57.785162,18.790638
G 293 M ,0,Lärbro kyrka,Lärbro sn,Forsa ting,Gotland,NA,,sten,,57.785162,18.790638
G 294 M ,0,Lärbro kyrka,Lärbro sn,Forsa ting,Gotland,NA,,sten,,57.785162,18.790638
G 295 M ,0,Lärbro kyrka,Lärbro sn,Forsa ting,Gotland,NA,,sten,,57.785162,18.790638
G 296 †M ,0,Lärbro kyrka,Lärbro sn,Forsa ting,Gotland,NA,,sten,,57.785162,18.790638
G 297 †M ,0,Lärbro kyrka,Lärbro sn,Forsa ting,Gotland,NA,,sten,,57.785162,18.790638
G 298 †M ,0,Lärbro kyrka,Lärbro sn,Forsa ting,Gotland,NA,,sten,,57.785162,18.790638
G 299 †M ,0,Lärbro kyrka,Lärbro sn,Forsa ting,Gotland,NA,,sten,,57.785162,18.790638
G 300 $ ,0,Lärbro kyrka,Lärbro sn,Forsa ting,Gotland,NA,,sten,,57.785162,18.790638
G 301 †M ,0,Lärbro kyrka,Lärbro sn,Forsa ting,Gotland,NA,,sten,,57.785162,18.790638
G 302 †M ,0,Lärbro kyrka,Lärbro sn,Forsa ting,Gotland,NA,,sten,,57.785162,18.790638
G 303 †M ,0,Prästgården,Lärbro sn,Forsa ting,Gotland,NA,,sten,,57.785162,18.790638
G 305  ,0,Hangvars kyrka,Hangvars sn,Forsa ting,Gotland,NA,,sten,,57.839349,18.688456
G 306 M ,0,Hangvars kyrka,Hangvars sn,Forsa ting,Gotland,NA,,sten,,57.839349,18.688456
G 307 M ,0,Hangvars kyrka,Hangvars sn,Forsa ting,Gotland,NA,,sten,,57.839349,18.688456
G 308 M ,0,Hangvars kyrka,Hangvars sn,Forsa ting,Gotland,NA,,sten,,57.839349,18.688456
G 309  ,0,Hangvars kyrka,Hangvars sn,Forsa ting,Gotland,NA,,sten,,57.839349,18.688456
G 310  ,0,Hangvars kyrka,Hangvars sn,Forsa ting,Gotland,NA,,sten,,57.839349,18.688456
G 311  ,0,Kullshage,Hangvars sn,Forsa ting,Gotland,NA,,sten,,57.839349,18.688456
G 312 M ,0,Halls kyrka,Halls sn,Forsa ting,Gotland,NA,,sten,,57.892109,18.715907
G 313 M ,0,Halls kyrka,Halls sn,Forsa ting,Gotland,NA,,sten,,57.892109,18.715907
G 314 M ,0,Halls kyrka,Halls sn,Forsa ting,Gotland,NA,,sten,,57.892109,18.715907
G 315 †M ,0,Halls kyrka,Halls sn,Forsa ting,Gotland,NA,,sten,,57.892109,18.715907
G 316 †M ,0,Halls kyrka,Halls sn,Forsa ting,Gotland,NA,,sten,,57.892109,18.715907
G 317 M ,0,Fleringe kyrka,Fleringe sn,Rute ting,Gotland,NA,,sten,http://www.kms.raa.se/cocoon/bild/object_list_simple?query=G317&showthumbnails=true,57.870429,18.875735
G 318 †M ,0,Fleringe kyrka,Fleringe sn,Rute ting,Gotland,NA,,sten,http://www.kms.raa.se/cocoon/bild/object_list_simple?query=G318&showthumbnails=true,57.870429,18.875735
G 319 M ,0,Rute kyrka,Rute sn,Rute ting,Gotland,NA,,sten,http://www.kms.raa.se/cocoon/bild/object_list_simple?query=G319&showthumbnails=true,57.834503,18.923941
G 320 M ,0,Rute kyrka,Rute sn,Rute ting,Gotland,NA,,sten,,57.834503,18.923941
G 321 M ,0,Rute kyrka,Rute sn,Rute ting,Gotland,NA,,sten,,57.834503,18.923941
G 322 M ,0,Rute kyrka,Rute sn,Rute ting,Gotland,NA,,sten,,57.834503,18.923941
G 323 M ,0,Rute kyrka,Rute sn,Rute ting,Gotland,NA,,sten,,57.834503,18.923941
G 325  ,0,Valla,Rute sn,Rute ting,Gotland,NA,,sten,,57.834503,18.923941
G 327 M ,0,Bunge kyrka,Bunge sn,Rute ting,Gotland,NA,,sten,,57.853449,19.025985
G 328 M ,0,Bunge kyrka,Bunge sn,Rute ting,Gotland,NA,,sten,,57.853449,19.025985
G 334 M ,0,Fårö kyrka,Fårö sn,Rute ting,Gotland,NA,,sten,,57.920276,19.095296
G 335 †M ,0,Fårö kyrka,Fårö sn,Rute ting,Gotland,NA,,sten,,57.920276,19.095296
G 336 †M ,0,Fårö kyrka,Fårö sn,Rute ting,Gotland,NA,,sten,http://www.kms.raa.se/cocoon/bild/object_list_simple?query=G336&showthumbnails=true,57.920276,19.095296
G 336B M ,0,Prästgården,Fårö sn,Rute ting,Gotland,NA,,sten,,57.920276,19.095296
G 337 M ,0,Langhammars,Fårö sn,Rute ting,Gotland,NA,,sten,http://www.kms.raa.se/cocoon/bild/object_list_simple?query=G337&showthumbnails=true,57.920276,19.095296
G 338 M ,0,Stora Hoburga,Fårö sn,Rute ting,Gotland,NA,,sten,http://www.kms.raa.se/cocoon/bild/object_list_simple?query=G338&showthumbnails=true,57.920276,19.095296
G 339 †M? ,0,Broskog,Fårö sn,Rute ting,Gotland,NA,,sten,,57.920276,19.095296
G 340 M ,0,S:t Clemens kyrkoruin,Visby,,Gotland,NA,,sten,,57.637936,18.297982
G 341 $M ,0,S:t Clemens kyrkoruin,Visby,,Gotland,NA,,sten,,57.637936,18.297982
G 342  ,0,S:t Hans kyrkoruin,Visby,,Gotland,Pr4,,sten,http://www.kms.raa.se/cocoon/bild/object_list_simple?query=G342&showthumbnails=true,57.637936,18.297982
G 343  ,0,S:t Hans kyrkoruin,Visby,,Gotland,Pr3 ,,sten,http://www.kms.raa.se/cocoon/bild/object_list_simple?query=G343&showthumbnails=true,57.637936,18.297982
G 343  ,0,S:t Hans kyrkoruin,Visby,,Gotland,Pr4,,sten,http://www.kms.raa.se/cocoon/bild/object_list_simple?query=G343&showthumbnails=true,57.637936,18.297982
G 344 M ,0,S:t Pers kyrkoruin,Visby,,Gotland,NA,,sten,,57.637936,18.297982
G 349 †M ,0,S:ta Maria kyrka,Visby,,Gotland,NA,,sten,,57.637936,18.297982
G 351 M ,0,nära S:t Hans kyrkoruin,Visby,,Gotland,NA,,sten,,57.637936,18.297982
G 364 M ,0,Havdhems kyrka,Havdhems sn,Grötlinge ting,Gotland,NA,,sten,,57.160015,18.333624
G 367 M ,0,Eke kyrka,Eke sn,Hemse ting,Gotland,NA,,sten,,57.160431,18.335357
G 368  ,0,Gudings gård,Alva sn,Hemse ting,Gotland,NA,,sten,,57.209382,18.36099
G 370 $ ,0,Hablingbo kyrka,Hablingbo sn,Hablinge ting,Gotland,Pr3,,sten,,57.187587,18.262413
G 373  ,0,Sproge kyrka,Sproge sn,Hablinge ting,Gotland,Pr1,,sten,,57.253722,18.210525
G 373  ,0,Sproge kyrka,Sproge sn,Hablinge ting,Gotland,Pr2,,sten,,57.253722,18.210525
G 375 M ,0,Levide kyrka,Levide sn,Fardhems ting,Gotland,NA,,sten,,57.290365,18.275887
G 378 M ,0,Burs kyrka,Burs sn,Burs ting,Gotland,NA,,sten,,57.245103,18.509212
G 379 SENTIDA ,0,Närs kyrka,Närs sn,Burs ting,Gotland,NA,,sten,,57.719713,18.789153
G 381 M ,0,Närs kyrka,Närs sn,Burs ting,Gotland,NA,,sten,,57.719713,18.789153
G 383 M ,0,Lau kyrka,Lau sn,Burs ting,Gotland,NA,,sten,http://www.kms.raa.se/cocoon/bild/object_list_simple?query=G383&showthumbnails=true,57.282429,18.618442
G ATA351-3693-2013  ,0,Stenkyrka kyrka,Stenkyrka sn,Lummelunda ting,Gotland,NA,,sten,,57.792448,18.531638